Date,Time,Unit/Freezer ID,"Frozen Storage
Temp (°F)",Status,Notes / Corrective Actions
12/18/2025,9:01 AM,BASEMENT-001,-1,OK,
12/18/2025,5:01 PM,BASEMENT-001,0,OK,
12/19/2025,9:01 AM,BASEMENT-001,-7,OK,
12/19/2025,5:01 PM,BASEMENT-001,-1,OK,
12/20/2025,9:01 AM,BASEMENT-001,-3,OK,
12/20/2025,5:01 PM,BASEMENT-001,-1,OK,
12/21/2025,9:01 AM,BASEMENT-001,0,OK,
12/21/2025,5:01 PM,BASEMENT-001,-2,OK,
12/22/2025,9:01 AM,BASEMENT-001,-2,OK,
12/22/2025,5:01 PM,BASEMENT-001,-4,OK,
12/23/2025,9:01 AM,BASEMENT-001,-7,OK,
12/23/2025,5:01 PM,BASEMENT-001,-5,OK,
12/24/2025,9:01 AM,BASEMENT-001,-6,OK,
12/24/2025,5:01 PM,BASEMENT-001,-3,OK,
12/25/2025,9:01 AM,BASEMENT-001,-2,OK,
12/25/2025,5:01 PM,BASEMENT-001,-3,OK,
12/26/2025,9:01 AM,BASEMENT-001,-1,OK,
12/26/2025,5:01 PM,BASEMENT-001,-7,OK,
12/27/2025,9:01 AM,BASEMENT-001,-2,OK,
12/27/2025,5:01 PM,BASEMENT-001,-2,OK,
12/28/2025,9:01 AM,BASEMENT-001,-6,OK,
12/28/2025,5:01 PM,BASEMENT-001,-1,OK,
12/29/2025,9:01 AM,BASEMENT-001,-3,OK,
12/29/2025,5:01 PM,BASEMENT-001,-1,OK,
12/30/2025,9:01 AM,BASEMENT-001,-1,OK,
12/30/2025,5:01 PM,BASEMENT-001,-3,OK,
12/31/2025,9:01 AM,BASEMENT-001,-7,OK,
12/31/2025,5:01 PM,BASEMENT-001,-4,OK,
1/1/2026,9:01 AM,BASEMENT-001,-7,OK,
